58b9ec,::1,POST,http://localhost:8000/login_check,1473498915,,302
0dc105,::1,GET,http://localhost:8000/api,1473498916,,302
3f090c,::1,GET,http://localhost:8000/login,1473498916,,200
c7f0ff,::1,POST,http://localhost:8000/login_check,1473499715,,302
075117,::1,GET,http://localhost:8000/api,1473499716,,302
e0ba4f,::1,GET,http://localhost:8000/login,1473499716,,200
06dc4a,::1,POST,http://localhost:8000/login_check,1473499806,,302
2c9afa,::1,GET,http://localhost:8000/api,1473499806,,302
5c6f91,::1,GET,http://localhost:8000/login,1473499806,,200
a1ec57,::1,POST,http://localhost:8000/login_check,1473499863,,302
f6b0d4,::1,GET,http://localhost:8000/api,1473499863,,302
234c7b,::1,GET,http://localhost:8000/login,1473499863,,200
e5e6bb,::1,POST,http://localhost:8000/login_check,1473499863,,302
bf278a,::1,GET,http://localhost:8000/api,1473499863,,302
28d862,::1,GET,http://localhost:8000/login,1473499864,,200
6dcfbf,::1,POST,http://localhost:8000/login_check,1473499876,,302
5682c4,::1,GET,http://localhost:8000/api,1473499876,,302
e642d0,::1,GET,http://localhost:8000/login,1473499877,,200
6fb84e,::1,POST,http://localhost:8000/login_check,1473500079,,302
3be18a,::1,OPTIONS,http://localhost:8000/api,1473500167,,405
8a22e5,::1,POST,http://localhost:8000/login_check,1473500300,,302
488c64,::1,GET,http://localhost:8000/api,1473500309,,200
e32c2d,::1,GET,http://localhost:8000/api,1473500317,,200
4e2aab,::1,POST,http://localhost:8000/login_check,1473500464,,302
72a8ea,::1,POST,http://localhost:8000/login_check,1473500667,,302
bc8b73,::1,POST,http://localhost:8000/login_check,1473500694,,302
9e2f22,::1,POST,http://localhost:8000/login_check,1473500720,,302
40d69c,::1,POST,http://localhost:8000/login_check,1473500752,,302
a8a4ea,::1,GET,http://localhost:8000/api,1473500752,,200
6c3e5a,::1,GET,http://localhost:8000/api,1473500765,,200
bfe6e6,::1,GET,http://localhost:8000/api,1473500798,,302
3c444f,::1,GET,http://localhost:8000/login,1473500799,,200
77c069,::1,POST,http://localhost:8000/login_check,1473500820,,302
9a3baf,::1,GET,http://localhost:8000/api,1473500820,,200
e24e7a,::1,POST,http://localhost:8000/login_check,1473623049,,302
d1225e,::1,GET,http://localhost:8000/api,1473623049,,200
541eb4,::1,GET,http://localhost:8000/api,1473623053,,200
47d89d,127.0.0.1,GET,http://localhost:8000/,1473789440,,404
7bcdc3,127.0.0.1,GET,http://localhost:8000/images/404-ghost.png,1473789440,,404
a757bb,127.0.0.1,GET,http://localhost:8000/apoi,1473789460,,404
eb440b,127.0.0.1,GET,http://localhost:8000/images/404-ghost.png,1473789460,,404
ecadd0,127.0.0.1,GET,http://localhost:8000/api,1473789514,,200
640e00,127.0.0.1,GET,http://localhost:8000/,1473789518,,404
aed71e,127.0.0.1,GET,http://localhost:8000/images/404-ghost.png,1473789520,,404
61a5bd,127.0.0.1,GET,http://localhost:8000/api,1473789695,,200
41b2db,127.0.0.1,GET,http://localhost:8000/api,1473789901,,200
82496d,127.0.0.1,GET,http://localhost:8000/api,1473789939,,302
efc156,127.0.0.1,GET,http://localhost:8000/login,1473789939,,200
c3d7ac,127.0.0.1,POST,http://localhost:8000/login_check,1473789944,,302
d63aa0,127.0.0.1,GET,http://localhost:8000/api,1473789944,,200
a0286e,127.0.0.1,GET,http://localhost:8000/api,1473790003,,200
